YEAR,ALABAMA,ALASKA,ARIZONA,ARKANSAS,CALIFORNIA,COLORADO,CONNECTICUT,DELAWARE,DISTRICT OF COLUMBIA,FLORIDA,GEORGIA,HAWAII,IDAHO,ILLINOIS,INDIANA,IOWA,KANSAS,KENTUCKY,LOUISIANA,MAINE,MARYLAND,MASSACHUSETTS,MICHIGAN,MINNESOTA,MISSISSIPPI,MISSOURI,MONTANA,NEBRASKA,NEVADA,NEW HAMPSHIRE,NEW JERSEY,NEW MEXICO,NEW YORK,NORTH CAROLINA,NORTH DAKOTA,OHIO,OKLAHOMA,OREGON,PENNSYLVANIA,RHODE ISLAND,SOUTH CAROLINA,SOUTH DAKOTA,TENNESSEE,TEXAS,UTAH,VERMONT,VIRGINIA,WASHINGTON,WEST VIRGINIA,WISCONSIN,WYOMING
1928,334.98999999999995,,200.75000000000003,481.7700000000002,69.22,206.97999999999996,634.9500000000002,256.02000000000004,535.6300000000001,119.57999999999998,159.73,,19.590000000000003,98.23999999999997,263.6700000000001,28.629999999999995,136.92000000000007,216.26,260.33,401.96,1089.3899999999992,981.0599999999996,547.5499999999998,79.13000000000001,0.0,198.6300000000001,139.85999999999999,78.95,,272.15000000000003,797.1400000000001,663.4100000000003,649.9699999999998,1823.69,55.73,355.92,268.70999999999964,223.08999999999995,583.9500000000002,735.3200000000002,1138.49,160.16000000000003,315.43,97.35000000000002,16.82999999999999,334.7999999999998,,344.82,195.98000000000002,124.61000000000003,227.0
1929,111.93000000000004,,54.87999999999996,67.21999999999996,72.8,74.24,614.82,239.81999999999988,94.19999999999993,78.00999999999996,40.63,,160.37,506.1800000000002,322.0999999999998,82.94999999999999,555.4399999999999,43.17,88.78999999999999,719.1699999999997,126.04000000000005,351.4200000000001,376.45999999999987,492.36000000000007,,183.46000000000015,817.7600000000001,303.0299999999999,,344.5299999999998,181.85999999999993,54.780000000000015,249.08999999999997,38.49000000000002,339.19,561.14,46.190000000000005,492.32000000000005,489.5599999999998,270.62,12.200000000000003,167.76999999999992,33.03999999999999,71.27999999999997,68.89999999999999,105.31000000000003,,248.60000000000002,380.14,1016.54,312.15999999999985
1930,157.00000000000006,,466.30999999999983,53.43999999999998,760.2399999999997,1132.7600000000007,112.22999999999999,109.25000000000007,182.10000000000002,356.58999999999975,153.20999999999995,,196.65999999999988,216.06999999999996,120.73000000000003,395.59000000000003,666.7099999999998,70.14999999999999,86.28999999999996,198.88,73.89,630.29,583.6200000000001,218.99000000000012,,149.81000000000003,117.52000000000001,745.32,,126.38000000000004,602.8700000000001,529.2299999999999,315.3899999999999,41.17,117.00000000000001,277.6000000000001,164.92999999999995,276.3599999999999,356.56,39.22999999999999,14.450000000000001,346.3100000000002,179.91000000000008,73.12,1044.7900000000009,236.69000000000003,,631.64,157.70000000000002,748.5800000000002,341.54999999999995
1931,337.29000000000013,,497.6900000000003,45.910000000000004,477.4800000000002,453.26999999999975,790.4599999999996,1003.2799999999999,832.9900000000005,260.79,104.38999999999993,,25.969999999999995,516.9700000000003,541.2099999999997,34.24999999999998,93.46999999999994,181.04000000000005,11.470000000000002,434.35,1264.8499999999995,386.78,133.47999999999996,123.53000000000002,,369.76999999999987,284.84999999999997,24.91,,299.1499999999999,494.1899999999997,324.5700000000001,423.22,480.4800000000001,142.06,291.3200000000001,32.169999999999995,242.56000000000003,821.6000000000003,665.0499999999998,189.95,212.3599999999999,134.79000000000005,39.56,29.720000000000002,318.4,,197.42999999999992,291.38,506.57000000000005,60.689999999999976
1932,10.20999999999999,,20.110000000000003,5.329999999999997,214.07999999999998,222.89999999999992,348.27000000000027,15.980000000000004,53.13999999999998,13.63000000000001,34.360000000000014,,8.760000000000002,208.31000000000003,88.78,6.320000000000003,326.6400000000001,72.99000000000004,67.43999999999998,1086.2799999999993,65.17000000000002,463.19,881.09,95.10999999999999,,43.15999999999999,1007.9700000000001,31.60999999999999,,151.26,373.96000000000004,271.9000000000001,465.05999999999995,423.03999999999996,318.07000000000005,539.34,43.169999999999995,514.2,470.6900000000001,1472.6900000000007,182.57999999999998,96.37000000000008,68.9900000000001,76.58,13.909999999999998,1146.08,53.4,631.9300000000002,599.6500000000001,935.3100000000001,242.10000000000008
1933,65.21999999999998,,296.0100000000002,293.31999999999994,445.2800000000002,27.690000000000005,330.6600000000002,82.68000000000004,100.79999999999995,63.930000000000014,156.88,,193.59000000000006,155.64999999999998,108.02000000000004,33.00999999999999,335.07999999999987,57.859999999999985,42.769999999999996,13.389999999999993,41.18,351.86000000000007,462.1399999999998,752.33,,152.96000000000012,419.5700000000001,117.35000000000001,,218.48000000000002,726.94,148.80000000000004,549.0,495.5900000000001,373.6400000000001,233.67000000000004,101.87,230.36999999999998,336.3800000000001,9.360000000000003,360.6400000000001,299.08,133.48,361.3999999999999,402.09999999999997,312.58000000000004,351.88000000000005,155.83999999999995,303.34000000000003,317.4799999999999,249.06000000000003
1934,590.27,,238.8099999999999,384.57,423.2599999999999,1204.2500000000002,282.34999999999997,1225.2000000000005,1137.4900000000005,505.65,774.7800000000002,,252.43000000000004,574.84,631.0300000000001,346.39,538.84,422.55,220.96000000000006,78.02,1575.9099999999999,1039.49,132.48000000000002,313.59999999999997,,539.4799999999998,355.9200000000001,331.03,,846.7,359.92,731.9000000000003,258.13,1685.3399999999995,657.6300000000001,410.4999999999999,378.08000000000027,193.5,848.1100000000004,65.78999999999999,637.6099999999997,1373.9400000000005,647.85,490.6600000000001,2184.8700000000017,380.65999999999974,1158.76,473.8400000000002,231.80000000000007,1332.8400000000001,967.4399999999997
1935,265.3400000000002,,135.01999999999995,80.32999999999998,466.38000000000005,1186.0699999999995,1449.4899999999996,412.70000000000005,152.73000000000002,72.77000000000005,1.05,,182.32999999999998,746.8099999999996,299.12,865.6500000000002,1399.01,533.7700000000001,117.22,857.7600000000001,133.17000000000002,286.73,1600.8799999999999,1062.0000000000002,,345.1900000000001,1422.5700000000008,639.7000000000004,,55.13000000000002,792.9099999999997,147.97000000000003,516.4300000000001,323.86999999999983,290.44999999999993,544.79,102.91000000000001,705.4300000000001,917.3599999999999,994.0499999999998,46.26000000000003,167.25000000000003,51.309999999999995,64.06999999999998,50.16,389.3000000000002,727.3500000000001,525.47,605.9,1415.3799999999992,935.4200000000004
1936,20.779999999999994,,525.5,5.66,773.5399999999998,54.74,228.97,555.9599999999998,335.5900000000001,18.22,0.27,,262.6199999999999,15.430000000000001,21.150000000000006,8.000000000000004,23.17,79.66000000000001,57.670000000000016,891.8900000000002,405.28000000000003,613.81,47.72000000000002,283.0300000000001,,17.37,81.57000000000005,86.34000000000002,,185.39000000000001,215.06,234.9399999999999,477.4799999999998,40.30000000000002,16.520000000000007,136.53000000000003,15.219999999999995,919.1500000000002,243.53000000000003,368.6899999999998,48.240000000000016,33.59999999999999,50.179999999999986,125.57999999999998,117.88999999999997,2974.790000000002,127.82999999999996,463.74000000000007,63.26,126.57000000000002,57.52000000000001
1937,22.459999999999987,,837.3000000000002,16.980000000000004,78.25999999999999,93.00000000000001,606.7599999999994,707.0999999999997,333.2700000000003,23.080000000000002,,,243.1499999999999,146.95000000000002,210.12000000000006,10.759999999999993,42.11,245.75000000000006,20.709999999999987,134.35,698.1699999999996,478.32000000000005,115.59000000000002,25.11999999999999,0.0,186.45,111.71000000000004,34.45999999999999,,393.1299999999999,1108.94,487.2699999999998,202.81000000000003,226.07,8.4,366.37,45.62000000000001,38.190000000000005,390.89,679.2199999999999,99.17999999999998,9.840000000000003,106.41000000000004,235.14,396.78999999999985,289.31,337.39000000000004,103.34000000000003,110.03999999999996,66.54999999999998,69.90999999999997
1938,496.4400000000001,,149.34000000000006,356.7299999999999,278.32,823.7099999999998,107.55999999999999,236.0199999999999,115.58999999999995,517.8299999999998,299.9200000000001,,425.67,1145.1600000000003,523.1799999999998,223.17000000000002,583.0599999999997,393.49,44.77,509.67,159.06000000000006,229.97,1505.4999999999995,256.19999999999993,0.0,525.47,1119.7600000000002,209.0600000000001,,341.34,716.9799999999999,628.8900000000001,518.8399999999999,1383.3700000000003,863.4500000000002,694.2700000000001,116.62000000000003,121.89,1329.75,35.94999999999999,373.40000000000015,212.45999999999998,403.6499999999999,95.33999999999995,1808.86,1652.6399999999999,475.81000000000006,112.22999999999999,595.16,2348.05,360.59000000000015
1939,182.63999999999984,,144.02,123.51000000000003,939.4799999999998,525.2100000000002,937.5399999999997,94.63000000000001,497.41999999999996,157.53,115.95,,694.1499999999999,100.12000000000002,59.79000000000001,209.13,158.20999999999998,79.77999999999997,157.02999999999992,271.0900000000001,852.9199999999997,546.1899999999999,328.17,655.68,0.0,76.60999999999997,1973.32,276.00999999999976,,133.98999999999998,104.83000000000001,316.10000000000014,331.36,664.5000000000001,843.2099999999996,74.00000000000003,194.43999999999997,219.8,186.56999999999996,416.8499999999999,60.33999999999998,1173.7800000000002,108.42999999999992,115.97999999999999,1002.2299999999998,1029.1899999999998,394.23999999999995,1158.1599999999999,99.06999999999995,768.0400000000001,1392.34
1940,115.12000000000002,,339.05999999999995,72.0,376.4400000000001,231.80000000000007,376.52000000000015,36.040000000000006,126.9900000000001,114.18999999999994,93.83999999999995,,337.5299999999999,84.13999999999999,16.650000000000002,212.60000000000005,450.29999999999995,97.62,47.78,837.7399999999998,233.84000000000015,498.7200000000001,299.7,300.30999999999995,0.0,15.55,476.48000000000025,129.04000000000002,0.0,147.66000000000005,301.9899999999999,216.6299999999999,212.22999999999996,210.26999999999992,149.05000000000007,22.400000000000002,60.40000000000005,671.1199999999999,148.62,467.71999999999974,32.32000000000001,253.82999999999996,95.17000000000003,249.87999999999997,1363.2199999999996,241.07000000000002,203.84000000000003,919.5900000000001,29.79000000000001,636.4500000000004,393.6
1941,297.47000000000014,,615.2899999999997,273.88999999999993,174.41999999999996,661.7499999999999,364.5700000000001,1268.3499999999992,488.18999999999994,459.75999999999993,294.1200000000003,,102.03000000000003,613.1400000000001,381.6299999999999,197.87000000000003,764.47,610.5000000000003,35.00999999999996,557.6999999999999,384.3299999999998,474.01000000000005,1119.5000000000007,35.339999999999996,0.0,175.17000000000007,161.21,34.6,275.84000000000003,201.98000000000002,1044.5400000000002,778.1000000000004,789.51,658.4000000000002,223.20000000000002,1132.7699999999995,88.77999999999999,607.5099999999999,1011.3199999999999,57.669999999999995,481.97000000000014,61.33999999999997,278.13,308.34,281.0899999999999,384.64000000000004,1035.2799999999997,118.23000000000005,592.2399999999999,993.0699999999999,381.72999999999985
1942,126.14999999999995,,740.8300000000003,232.69999999999996,1222.0099999999995,505.49000000000007,587.8799999999999,90.16000000000004,190.76000000000002,189.61000000000004,168.74,,395.08000000000004,132.68999999999997,94.99000000000001,254.79,535.23,84.08000000000003,123.74000000000007,540.6100000000001,535.19,564.8900000000001,168.34999999999994,567.7300000000001,0.0,178.7100000000001,588.4800000000002,428.55,811.6899999999997,167.14000000000001,322.09999999999997,315.63999999999993,191.24,564.8599999999999,274.07999999999987,127.08,260.91999999999996,499.14000000000004,380.4199999999999,609.2499999999999,218.2299999999999,143.09000000000003,106.34,517.23,2589.0599999999995,1071.2900000000004,177.58999999999992,645.6399999999999,303.7900000000003,781.7900000000001,635.27
1943,130.82000000000002,,172.43999999999997,162.60000000000008,340.06,976.9699999999999,550.3800000000001,564.55,234.27000000000004,68.56999999999998,126.45,,650.9000000000003,328.4500000000001,262.9999999999999,242.79999999999998,547.8399999999998,383.79,106.44000000000004,297.99000000000007,196.78,752.1699999999997,765.18,398.00999999999993,,196.0800000000001,1122.0600000000002,401.02,397.32,211.1800000000001,927.1399999999998,105.71000000000002,478.18,165.96000000000004,798.5300000000001,276.40999999999997,76.06000000000004,693.95,563.08,296.38999999999993,153.6599999999999,507.31,194.95,233.4200000000001,1211.27,2323.7299999999996,341.34000000000003,765.0699999999999,133.74999999999997,1290.5400000000004,1088.6099999999997
1944,252.86999999999998,,736.7099999999999,207.51,599.9699999999999,556.4900000000002,493.49999999999983,138.39999999999998,310.09000000000015,189.74,171.50999999999996,,182.33999999999995,239.78999999999996,149.11000000000004,201.37999999999997,551.6200000000001,86.50000000000001,104.0,611.07,613.7800000000002,433.3800000000001,466.94000000000005,770.5299999999999,0.0,155.96,720.7899999999998,186.1300000000001,244.43000000000004,126.00999999999993,658.6599999999995,303.7299999999999,334.85,671.48,644.3599999999998,557.9300000000002,166.8,239.87000000000006,256.55999999999995,535.99,363.59999999999997,258.73000000000013,184.3799999999999,542.2,200.67000000000002,751.4600000000002,475.4199999999998,264.04,497.22000000000025,1407.9099999999999,728.0799999999998
1945,27.329999999999984,,93.74000000000002,69.50000000000001,339.44000000000005,95.91000000000001,170.20000000000005,96.85999999999996,39.58999999999999,39.62999999999998,27.53000000000001,,259.93,103.25,33.51,61.40000000000002,95.98000000000002,61.13,41.14999999999997,61.28999999999999,87.39999999999995,186.65999999999994,121.23999999999998,62.95999999999998,0.0,30.220000000000006,175.29,71.56999999999998,71.80000000000001,33.89999999999999,78.87,67.89999999999999,52.41000000000001,72.50000000000001,64.10999999999997,49.82000000000001,51.13,156.32000000000002,127.30999999999999,55.54000000000003,78.91000000000001,100.62999999999998,65.79999999999997,188.8599999999999,746.0999999999999,179.95999999999998,64.45,291.67999999999995,79.63999999999999,165.52,157.5799999999999
1946,126.74999999999997,,498.69000000000005,168.4699999999999,575.1599999999999,992.7400000000004,397.9099999999999,198.98000000000005,465.9200000000002,116.89,117.11000000000001,,433.5999999999999,298.12000000000023,293.0500000000001,160.44000000000003,658.17,269.63000000000005,126.32000000000004,578.0000000000001,488.4300000000002,798.36,627.9300000000001,44.78999999999999,,166.93000000000012,422.64999999999986,395.65000000000026,125.90000000000002,226.70999999999995,1151.7500000000002,215.40999999999997,600.8199999999998,225.15999999999994,40.84,200.42999999999995,188.96999999999997,453.3700000000001,611.47,160.60999999999996,358.19000000000005,189.6899999999999,150.46999999999989,410.13000000000005,1244.5700000000004,858.63,385.83,513.61,140.55999999999995,1333.6000000000001,397.5900000000001
1947,127.25999999999995,,224.49000000000015,130.60999999999996,74.97999999999995,142.93,814.9199999999998,19.409999999999997,60.150000000000006,53.099999999999994,102.39000000000007,,51.13000000000001,91.44999999999999,60.92999999999999,177.89000000000004,48.12,30.119999999999994,49.95999999999998,504.5800000000002,50.880000000000024,252.7,148.06,319.35,14.960000000000004,33.55,843.3600000000001,37.400000000000006,18.450000000000003,61.040000000000006,250.71000000000004,226.77999999999997,107.99999999999999,127.62999999999995,236.08,239.44999999999996,10.790000000000006,71.91000000000001,113.40999999999998,507.3399999999999,161.85999999999999,218.29999999999998,60.99999999999999,109.48,99.24000000000002,1348.8300000000002,242.18000000000004,63.82000000000004,143.61999999999998,383.1399999999999,170.19
1948,69.09000000000002,,623.3799999999999,208.30000000000007,487.91,723.2800000000001,140.62000000000006,333.1299999999998,305.04999999999995,152.39000000000004,37.80000000000001,,275.2,426.9899999999999,366.53999999999985,352.26,58.309999999999974,127.97,57.629999999999995,335.01,435.36999999999995,674.9999999999999,561.0699999999998,286.2999999999999,58.260000000000026,150.17000000000007,341.6000000000001,263.28000000000014,38.120000000000005,77.53999999999999,715.4500000000002,174.64000000000001,330.9099999999999,26.97,214.45000000000005,282.31999999999994,66.02000000000001,367.59999999999997,306.69000000000005,48.42999999999999,120.64999999999999,140.26000000000005,127.54000000000002,583.88,910.9399999999998,407.12,191.30000000000004,482.2900000000001,295.53,926.1499999999999,805.4100000000001
1949,368.79999999999984,,531.4599999999997,667.7199999999998,320.8200000000001,557.6100000000001,935.63,234.52999999999986,278.56000000000006,144.02999999999997,288.6999999999999,,511.03,65.92,100.14000000000006,87.03,882.31,294.61000000000007,51.61999999999999,1108.8700000000001,740.2699999999998,556.88,312.10000000000014,114.47,106.73999999999998,203.80000000000007,676.1200000000001,207.9900000000001,60.53,230.59999999999997,705.0799999999999,671.4399999999997,353.09,442.45999999999987,245.94999999999996,268.2900000000001,354.07000000000005,684.3799999999999,483.95999999999975,561.6100000000001,453.0799999999999,157.38999999999993,252.76,749.4799999999998,526.54,1711.3699999999997,649.31,551.1999999999999,188.45000000000002,1171.0699999999997,201.42000000000013
1950,50.900000000000006,,315.95000000000005,91.11999999999995,137.92000000000002,395.37000000000006,197.44999999999996,194.70000000000013,213.51000000000005,83.42999999999998,62.420000000000016,13.22,324.05000000000007,200.35000000000005,169.40999999999997,399.49000000000007,93.16999999999999,162.64999999999998,28.57,106.14999999999996,61.719999999999985,264.71999999999997,575.29,125.16,99.49000000000004,58.019999999999996,300.15,275.31999999999977,67.89999999999999,34.400000000000006,601.6799999999998,136.02000000000004,201.32999999999996,118.86999999999996,63.619999999999976,161.8400000000001,27.429999999999993,49.38000000000001,165.43999999999997,30.68,90.61999999999999,102.59000000000003,104.09999999999997,175.6499999999999,879.1999999999997,157.47000000000006,85.42,142.61,293.1899999999999,546.7099999999999,209.98999999999995
1951,103.24000000000002,,1351.4900000000007,401.0900000000001,548.36,934.0200000000001,227.42999999999992,208.42000000000007,185.16000000000003,76.20999999999998,213.03000000000003,955.2399999999999,358.07000000000005,187.66000000000005,101.99999999999999,103.78000000000002,572.1899999999997,290.9599999999999,78.73000000000002,193.05000000000004,269.06999999999994,311.53999999999985,221.85000000000005,93.36,91.25000000000003,188.52999999999997,416.61999999999995,41.749999999999986,171.47999999999993,196.43999999999988,395.01000000000005,297.51,240.62999999999994,81.36999999999998,426.9800000000001,295.7600000000002,359.93999999999977,617.84,299.8599999999999,113.30000000000001,34.30999999999998,106.72000000000001,80.63999999999999,808.7800000000002,331.40000000000003,1130.93,408.71,733.3199999999997,227.23999999999998,958.0700000000002,753.5800000000002
1952,351.71999999999997,,424.58999999999986,188.5500000000001,335.25000000000006,386.91999999999996,1179.01,119.34000000000002,286.1700000000001,109.98999999999997,225.42000000000007,,196.07,294.52,179.11000000000004,120.83999999999999,326.0699999999998,362.9700000000001,23.96999999999999,987.72,348.0399999999999,940.07,407.49,96.97999999999999,64.61999999999998,60.98999999999998,643.9200000000001,214.03,285.3100000000001,447.27,1282.7000000000003,210.63,500.59000000000015,93.5,432.13999999999993,248.00000000000006,92.03,209.72999999999985,358.49999999999994,665.7800000000002,81.69,115.25999999999998,200.47999999999993,283.26,652.5100000000001,1397.3200000000002,376.52,243.78,270.0,1140.8300000000004,231.75000000000003
1953,93.99000000000001,,557.9100000000001,727.4099999999999,438.9099999999999,684.0000000000001,99.99000000000002,115.87999999999997,44.04999999999997,38.5,86.49000000000005,,324.34000000000003,173.71,162.58,413.7799999999998,750.8700000000001,134.50999999999996,155.88999999999993,181.54999999999998,79.45999999999998,68.28000000000002,322.98,136.2199999999999,115.45999999999995,218.84000000000012,505.27000000000004,183.75000000000014,102.30000000000004,50.70999999999997,81.21000000000004,662.89,74.13999999999997,115.47000000000001,254.43000000000004,314.96000000000004,173.09,558.1400000000001,146.17999999999995,61.969999999999985,89.38,68.80999999999999,84.72999999999998,885.8199999999999,775.41,148.93,138.95999999999992,473.15000000000003,309.5600000000001,1166.8400000000001,497.53999999999974
1954,280.3899999999998,691.67,531.51,151.02999999999997,473.0500000000002,127.66,223.47000000000003,527.67,383.2999999999999,312.2699999999998,188.04000000000013,99.86,734.1699999999998,358.74,517.1199999999997,477.13999999999993,66.41000000000003,1026.0,104.95999999999992,626.7500000000001,433.86,475.05000000000007,568.61,92.93,145.94,37.87999999999999,749.9799999999998,191.60000000000002,182.19,168.21,445.79000000000013,355.99000000000007,548.3700000000001,229.32,454.18000000000006,322.2899999999999,152.17999999999998,244.3700000000001,351.84,223.67000000000002,254.90999999999997,123.53000000000004,416.4,906.1199999999999,1043.8600000000008,760.2099999999999,673.5600000000001,857.4700000000004,512.0100000000001,289.5700000000002,391.78999999999985
1955,69.68,241.86999999999998,1024.03,173.5399999999999,513.4599999999999,317.08,1256.63,26.98000000000002,57.68999999999999,38.040000000000006,68.17999999999996,1186.4400000000003,113.75999999999993,144.65,86.35999999999999,286.64000000000004,145.55999999999997,76.09,5.660000000000002,710.4800000000001,83.50999999999999,957.5000000000001,309.13000000000005,225.26999999999998,72.75,96.51999999999997,449.8199999999999,12.07,165.36999999999995,831.4399999999999,937.1000000000001,621.7499999999998,241.44000000000003,29.680000000000003,407.81000000000006,170.30999999999997,132.27,295.1600000000001,170.43,657.21,53.33,63.58999999999998,172.06999999999994,455.73,101.05000000000001,1894.9400000000007,120.10000000000004,425.03000000000003,204.22,1389.0500000000002,180.82999999999998
1956,231.74999999999994,1120.98,644.3200000000003,506.8599999999999,235.20999999999998,873.2199999999993,116.46000000000004,212.31000000000003,210.27999999999986,127.23000000000002,128.9,922.02,317.56000000000006,441.99000000000007,368.1700000000002,307.41,200.78000000000006,610.2900000000002,69.63999999999997,115.38999999999997,310.7899999999999,72.00000000000001,540.1400000000001,40.74,107.81000000000003,124.87999999999998,1016.6099999999997,178.58,55.2,35.34,340.37,495.3200000000001,308.53000000000003,178.79999999999995,362.47000000000014,477.2900000000002,440.4500000000002,135.01999999999995,397.9499999999998,22.430000000000003,384.73999999999995,86.75,617.0000000000001,755.2400000000002,284.17,340.86000000000007,634.53,481.30000000000007,587.09,715.7399999999998,640.6899999999999
1957,299.78999999999996,414.70000000000005,700.9700000000003,78.41000000000003,353.3500000000001,173.46999999999994,409.9900000000001,78.13000000000002,114.82000000000005,120.36000000000001,155.66000000000008,866.2399999999994,486.9,100.27000000000001,180.31000000000006,330.74999999999994,0.6200000000000001,557.7599999999996,34.640000000000015,478.88000000000005,79.68,222.04999999999998,234.85000000000008,229.33000000000004,61.44999999999999,102.19999999999999,528.6399999999999,16.79,592.3099999999997,69.00999999999999,458.10000000000014,747.3299999999996,233.62999999999997,43.639999999999986,629.25,86.93999999999998,66.1,879.25,117.09,72.66999999999999,248.21999999999994,81.49000000000002,455.99,471.87000000000006,1749.89,761.4599999999996,128.67,614.3699999999999,185.11000000000004,980.76,69.45999999999995
1958,242.33999999999992,562.0600000000002,825.1799999999997,173.95,235.7199999999999,566.1099999999998,645.6500000000001,118.89999999999998,187.56999999999996,266.67000000000013,175.17999999999998,95.07999999999994,591.94,233.09,396.55,463.82,3.3200000000000003,619.6400000000002,9.049999999999995,462.59,210.82999999999993,714.96,530.3800000000001,37.830000000000034,67.5,82.41,1065.4399999999996,108.78999999999999,73.59999999999998,368.01,429.0799999999999,912.1699999999995,364.1499999999999,93.72999999999996,714.58,312.7799999999999,317.88,529.02,307.17999999999995,496.84000000000003,472.1800000000001,18.410000000000004,793.5500000000002,889.5300000000003,458.83000000000004,549.1999999999999,550.1500000000001,384.17999999999995,657.1999999999996,1665.3700000000001,433.30999999999995
1959,108.19000000000003,816.5500000000001,719.0200000000002,46.49,251.82000000000002,411.5000000000001,516.4599999999998,139.7,52.169999999999995,74.68000000000002,11.539999999999997,592.6,247.20000000000013,96.16,99.64,420.25000000000017,,221.65000000000003,2.0800000000000005,270.41,76.08000000000001,123.21999999999997,147.69,80.06000000000002,66.43000000000002,84.70999999999995,625.59,29.320000000000004,220.09000000000003,76.52000000000002,502.2099999999999,484.0300000000001,140.21,73.11999999999999,899.5399999999998,124.38999999999999,29.150000000000002,447.57000000000005,247.52000000000004,35.91999999999997,82.91000000000005,129.12000000000003,275.98,360.65000000000003,670.8899999999998,525.5899999999998,349.29,512.4699999999999,406.39000000000004,384.7699999999999,281.20000000000005
1960,63.330000000000005,635.7899999999997,325.9099999999999,89.24000000000004,140.03000000000003,384.7299999999998,434.6199999999999,212.92000000000004,158.16,74.45999999999998,5.5299999999999985,828.9999999999994,421.9199999999999,224.65999999999994,223.08000000000004,63.999999999999964,,352.98,7.46,413.0500000000002,104.47999999999996,420.5799999999999,451.59000000000003,126.30000000000004,76.35,17.349999999999998,313.9900000000001,14.810000000000004,262.89000000000004,186.35999999999996,175.27000000000004,6.81,277.27000000000004,27.059999999999995,390.5599999999999,191.14999999999995,51.72,624.9399999999997,59.7,227.84000000000006,53.68000000000003,17.589999999999996,535.8999999999999,516.1899999999998,551.7699999999996,893.3199999999999,185.59999999999997,456.1999999999999,190.38999999999996,1090.16,209.63
1961,78.01000000000002,420.96000000000004,559.22,93.25999999999999,223.41999999999996,210.35000000000005,261.76,368.3500000000002,47.09000000000001,127.69000000000001,10.240000000000002,29.62,281.75000000000006,159.00000000000003,124.69,192.53000000000003,,368.6800000000001,1.2300000000000004,279.0799999999999,130.28,416.44000000000005,349.4100000000001,20.60000000000001,68.90000000000002,102.08999999999996,326.15,44.18999999999998,197.7399999999999,234.64000000000004,293.5899999999998,2.07,207.28999999999996,110.69999999999999,438.99999999999994,208.73,25.069999999999997,322.05,226.10999999999999,766.1100000000002,136.62999999999997,21.72,403.0999999999999,164.07000000000002,179.59999999999994,295.8799999999999,285.94999999999993,301.32,429.01,932.9300000000002,143.65000000000003
1962,71.58000000000006,571.5400000000001,431.74000000000007,77.60999999999999,164.86000000000004,473.99999999999994,672.06,129.41999999999993,89.19999999999996,76.09000000000002,10.190000000000001,387.28999999999996,234.11999999999992,163.36999999999998,161.79000000000005,393.63000000000005,,202.28999999999988,6.8999999999999995,718.01,96.62000000000005,511.33,318.94999999999993,47.43000000000001,119.04000000000006,31.73000000000001,1181.3600000000001,8.13,191.46999999999994,163.61999999999998,510.19000000000005,,272.9999999999999,19.269999999999996,583.2199999999999,118.46000000000004,86.46000000000001,766.2300000000001,83.07999999999998,378.9700000000001,38.39999999999998,64.25000000000003,666.3199999999999,665.6100000000005,430.5699999999999,518.32,231.09000000000003,704.0700000000002,551.1199999999999,365.34000000000003,142.93000000000006
1963,34.74000000000002,722.27,583.67,77.49999999999999,113.36,325.28000000000003,214.81000000000003,248.69000000000005,27.759999999999994,66.69000000000003,4.779999999999999,521.8300000000003,572.4800000000001,98.54999999999998,122.35999999999997,280.07000000000016,,284.8800000000001,4.260000000000002,48.489999999999995,60.08000000000001,84.1,516.6499999999999,76.78000000000002,29.84999999999999,64.05,482.41,15.859999999999998,67.74,6.440000000000001,160.61999999999998,,107.71000000000001,30.529999999999994,677.9800000000002,146.63000000000002,14.169999999999993,258.3,106.12999999999998,139.60000000000005,95.74999999999999,12.530000000000001,183.54999999999995,164.36,316.23000000000013,405.7999999999998,172.44999999999996,166.94,696.2900000000001,1413.07,97.92
1964,533.6800000000001,439.8899999999997,405.53999999999985,58.27999999999999,179.89999999999992,164.42999999999995,189.03000000000006,79.25999999999999,43.14000000000003,121.54999999999997,4.919999999999997,123.18000000000002,336.1899999999999,149.33000000000004,458.8100000000002,819.8199999999999,,481.84000000000015,3.44,373.9099999999999,89.51000000000005,135.92000000000002,354.48,9.729999999999993,261.4599999999999,24.259999999999998,579.5900000000001,54.63000000000001,233.76999999999992,134.65000000000003,176.38000000000005,111.14999999999999,156.92000000000002,26.31999999999999,813.2300000000001,191.15,42.409999999999975,453.01000000000005,101.85,279.31999999999994,161.62000000000006,9.86,629.4300000000002,383.1799999999998,260.75000000000006,596.7699999999999,274.81,674.6899999999999,518.6999999999999,370.34999999999985,84.29000000000003
1965,68.20000000000006,79.38,100.59999999999995,63.07999999999996,74.60000000000005,302.7000000000003,322.89000000000004,102.38000000000005,19.760000000000005,62.29,15.1,575.8,454.6599999999999,42.68000000000001,48.06,339.54,,121.06000000000002,3.849999999999998,295.75000000000006,35.52,354.48999999999984,336.97999999999996,26.45999999999999,51.15000000000003,60.20000000000002,556.3699999999999,31.990000000000002,50.709999999999994,55.02999999999999,61.18000000000003,68.59000000000002,52.36999999999999,8.589999999999996,623.2599999999999,90.95999999999997,9.969999999999994,181.74000000000004,57.21,444.82000000000005,50.54999999999998,16.730000000000004,238.12000000000006,284.3199999999998,444.8600000000001,360.66,93.32000000000005,255.7,832.69,482.21999999999974,226.15000000000015
1966,52.37999999999999,236.57,336.90000000000003,72.49,80.58999999999997,72.0,32.51000000000002,51.139999999999986,49.30000000000003,64.38000000000001,5.589999999999997,20.360000000000007,246.92999999999998,106.31,116.34000000000002,197.39,,154.20999999999992,3.0199999999999996,29.700000000000003,57.76999999999998,15.019999999999998,176.04,46.56000000000001,56.99000000000001,12.539999999999994,272.68999999999994,11.640000000000004,14.34,11.590000000000002,29.390000000000008,126.32,61.059999999999995,15.879999999999994,212.6400000000001,63.04000000000001,25.249999999999993,126.90999999999993,47.15999999999999,9.750000000000002,26.30999999999998,5.87,332.7399999999999,239.95,68.2,79.16,50.58000000000002,166.67,313.45,736.0699999999999,72.79
1967,38.98000000000002,53.269999999999975,62.080000000000005,66.75999999999998,27.449999999999992,79.64,3.569999999999998,10.64,3.459999999999999,28.919999999999998,0.9600000000000004,24.460000000000004,60.04999999999996,11.930000000000001,13.459999999999992,29.599999999999987,4.4399999999999995,46.83000000000002,4.460000000000001,24.63,4.859999999999999,7.4700000000000015,13.300000000000006,3.7599999999999985,30.33999999999998,7.469999999999996,48.96,36.53000000000001,59.9,3.8600000000000008,8.799999999999999,61.20000000000004,6.680000000000001,19.029999999999987,143.15999999999994,11.73999999999999,32.349999999999994,86.72,6.81,6.819999999999999,20.439999999999994,8.670000000000002,53.620000000000005,125.32000000000001,37.81000000000002,9.960000000000003,51.99000000000003,178.8999999999999,84.57000000000004,49.53000000000001,64.27
1968,4.650000000000001,3.8600000000000003,14.61,0.15000000000000002,8.49,23.540000000000006,23.820000000000004,4.51,0.78,8.939999999999998,0.08,5.05,3.0000000000000004,13.520000000000001,15.549999999999995,6.580000000000001,0.9600000000000001,4.369999999999999,0.79,3.5100000000000002,2.7499999999999996,9.839999999999996,4.0299999999999985,0.5200000000000001,10.910000000000004,0.6900000000000001,9.690000000000003,4.59,1.74,21.01,9.739999999999997,17.64,21.07,6.479999999999996,22.83000000000001,3.2499999999999982,4.960000000000001,30.700000000000003,2.5400000000000005,7.28,1.52,0.6,1.7300000000000004,47.57999999999998,2.04,1.8499999999999999,9.489999999999998,18.249999999999986,20.499999999999996,31.89000000000001,16.999999999999993
1969,0.36,6.77,31.210000000000004,1.5100000000000002,4.569999999999998,6.429999999999999,21.390000000000004,93.72999999999998,5.89,9.269999999999994,0.04,7.02,12.740000000000002,10.16,10.509999999999993,9.979999999999995,0.38,2.210000000000001,3.4599999999999995,0.7999999999999999,2.6,6.589999999999997,4.459999999999999,0.7500000000000002,1.1000000000000005,1.5700000000000003,17.130000000000003,44.87000000000001,0.21,27.100000000000012,13.46,28.299999999999986,30.47999999999999,7.459999999999997,13.030000000000001,5.379999999999998,5.630000000000002,9.830000000000005,10.659999999999998,2.9000000000000004,5.3400000000000025,7.640000000000001,0.53,44.86999999999999,1.09,0.6900000000000001,20.259999999999998,1.6800000000000004,13.819999999999999,15.330000000000005,2.43
1970,13.94,33.61000000000001,53.049999999999976,1.6600000000000001,9.550000000000004,10.409999999999998,3.819999999999998,47.46000000000001,46.000000000000036,20.189999999999987,0.36,23.860000000000014,13.32,29.379999999999995,5.499999999999997,31.419999999999998,3.3500000000000005,32.39,8.34,41.48,34.61000000000001,15.750000000000002,20.279999999999998,1.2900000000000003,6.07,16.45,16.009999999999998,52.320000000000014,4.03,8.4,23.46000000000001,28.590000000000007,8.569999999999997,19.47,51.24999999999997,37.69999999999999,30.63,21.150000000000006,17.65,11.399999999999999,24.009999999999987,15.790000000000006,13.529999999999998,72.35,3.52,1.98,51.910000000000004,19.71,19.730000000000008,31.019999999999985,3.23
1971,55.24000000000001,19.419999999999995,25.390000000000004,21.910000000000007,13.88,37.16999999999998,38.910000000000025,7.269999999999998,2.1199999999999997,30.830000000000013,23.590000000000003,59.03,35.9,29.04,58.23000000000002,94.78999999999995,62.42000000000001,111.46000000000005,42.19,120.26999999999995,13.599999999999998,8.069999999999999,28.89000000000001,2.06,66.8,42.81000000000003,112.98000000000002,4.880000000000002,1.28,26.65,17.389999999999997,37.27000000000002,23.920000000000005,35.890000000000015,36.16999999999999,37.07,25.059999999999985,15.970000000000006,15.629999999999994,24.720000000000006,32.76999999999999,31.34,24.689999999999998,77.40999999999997,30.040000000000003,26.59999999999999,32.370000000000005,33.15000000000001,31.989999999999995,87.53,24.49
1972,4.02,3.9399999999999995,40.83000000000002,0.65,15.429999999999996,20.879999999999978,50.080000000000005,9.66,0.27,17.63999999999999,3.5600000000000014,11.239999999999997,14.09,40.22,23.799999999999997,33.27000000000001,1.72,14.429999999999994,3.2599999999999976,20.980000000000018,0.27,21.959999999999997,25.720000000000002,0.7300000000000002,9.049999999999995,3.7000000000000006,2.3499999999999996,1.6100000000000003,0.18,98.96000000000002,5.640000000000002,12.069999999999993,3.61,0.7100000000000002,9.490000000000002,2.819999999999998,0.49999999999999994,8.950000000000001,0.6100000000000002,52.25000000000001,7.630000000000002,1.7799999999999998,4.659999999999998,13.170000000000002,13.709999999999996,17.07,1.5400000000000005,28.37,15.510000000000002,76.33999999999999,14.399999999999999
1973,0.42000000000000004,1.47,1.12,3.709999999999999,3.8199999999999994,6.550000000000001,59.170000000000016,1.71,1.4000000000000004,4.6999999999999975,1.0200000000000002,3.5200000000000005,31.710000000000008,19.479999999999993,13.269999999999996,10.119999999999997,1.1900000000000002,12.379999999999997,2.3699999999999988,5.319999999999999,0.32000000000000006,69.11999999999998,46.65000000000002,0.6500000000000001,2.7100000000000004,1.1500000000000001,48.63,0.37,0.17,90.34,10.1,14.029999999999994,9.789999999999994,0.12,11.220000000000004,3.769999999999998,2.4600000000000004,19.52,3.439999999999999,68.08999999999999,2.8600000000000008,0.43999999999999995,3.8999999999999995,4.059999999999997,10.74,25.570000000000014,8.739999999999991,25.030000000000005,12.580000000000002,29.969999999999985,19.68
1974,0.58,0.27,0.8900000000000002,0.66,5.139999999999998,6.13,5.6,2.7199999999999998,0.14,2.699999999999999,0.06,7.100000000000002,6.48,18.730000000000004,4.86,4.6000000000000005,8.25,5.519999999999998,0.3800000000000001,3.4399999999999986,0.5700000000000001,7.079999999999998,25.06,2.209999999999999,0.61,5.489999999999997,46.20000000000001,6.08,26.76,20.26000000000001,75.03000000000002,5.35,7.829999999999997,0.12000000000000001,5.82,27.44000000000001,1.1,1.03,7.74,6.580000000000001,1.9600000000000009,4.12,1.29,1.4300000000000008,1.2100000000000002,11.88,0.8600000000000002,2.22,12.68000000000001,13.900000000000002,4.460000000000001
1975,0.13,,3.53,0.1,23.779999999999994,44.43999999999999,4.159999999999999,5.939999999999999,0.28,0.9400000000000001,0.78,7.170000000000002,2.35,16.49,9.669999999999995,24.110000000000007,93.30000000000003,4.549999999999999,0.09,1.44,1.5399999999999998,2.69,35.269999999999996,5.83,1.4700000000000002,5.409999999999997,6.979999999999999,25.54,4.300000000000001,2.3900000000000006,6.479999999999998,9.07,6.83,0.06,131.87000000000006,1.1,9.64,8.429999999999998,4.78,0.54,0.5700000000000001,51.879999999999995,4.089999999999998,2.2300000000000004,27.849999999999998,15.280000000000001,0.8500000000000001,8.14,11.730000000000002,32.03,0.75
1976,,2.73,9.999999999999995,0.91,10.410000000000002,16.67,7.640000000000001,18.799999999999997,1.94,3.7799999999999994,0.1,1.2,224.33,17.86,79.97000000000001,1.4000000000000001,32.17,21.88,7.76,0.8999999999999999,19.900000000000002,0.74,65.63999999999996,10.830000000000005,0.7300000000000002,4.8,65.89000000000001,3.5199999999999996,12.400000000000002,1.1300000000000001,8.559999999999997,1.3000000000000003,17.38,0.35000000000000003,0.45999999999999996,6.759999999999999,9.989999999999998,7.120000000000002,28.499999999999996,2.23,0.15,0.74,4.799999999999999,2.040000000000001,166.51000000000016,34.37,16.49,10.259999999999998,11.010000000000002,88.54,0.97
1977,2.06,15.07,8.71,2.04,34.75000000000001,15.699999999999994,25.020000000000003,1.18,2.1,3.2999999999999985,14.409999999999997,4.7299999999999995,18.56,16.56,71.14999999999998,123.71999999999998,61.230000000000004,33.040000000000006,2.2,15.909999999999997,8.48,12.299999999999999,13.5,68.05999999999999,2.08,18.569999999999993,119.64999999999999,13.69,10.870000000000003,29.049999999999997,2.6699999999999995,1.9200000000000002,26.19,0.9300000000000003,4.74,17.290000000000003,1.7200000000000006,12.769999999999994,27.090000000000007,6.760000000000002,3.279999999999998,10.620000000000001,15.749999999999993,13.989999999999998,1.7499999999999998,47.16,50.79000000000001,12.409999999999997,13.870000000000001,45.35000000000002,5.770000000000002
1978,3.43,0.5,2.52,0.9600000000000001,2.8099999999999987,1.8,17.039999999999996,1.8699999999999999,0.3,11.6,1.06,2.17,0.43,6.979999999999998,3.949999999999998,2.9599999999999995,4.499999999999999,3.3499999999999988,21.250000000000004,117.78,1.23,5.450000000000001,82.22,2.09,31.209999999999994,3.5300000000000002,13.860000000000003,0.51,2.5999999999999996,7.15,1.0100000000000002,,10.439999999999998,2.15,27.43999999999999,4.67,0.9100000000000003,20.58,2.8099999999999983,0.85,6.440000000000001,,22.259999999999998,7.539999999999999,3.2399999999999998,10.52,49.89000000000001,10.62,45.54999999999999,33.27000000000002,
1979,3.35,4.48,3.2499999999999996,0.4699999999999999,4.079999999999998,2.479999999999999,0.12,0.17,0.16,6.199999999999996,10.139999999999999,7.949999999999995,2.34,11.599999999999998,3.6699999999999995,0.53,3.1399999999999997,1.6300000000000001,6.199999999999997,1.8900000000000001,0.38,0.49,9.429999999999996,29.849999999999994,1.08,9.719999999999995,7.869999999999999,4.26,2.6100000000000003,3.18,0.6600000000000001,3.1500000000000004,8.939999999999996,1.9700000000000006,2.6,3.02,0.85,2.78,0.5700000000000002,10.880000000000003,3.35,0.28,1.7300000000000006,4.5399999999999965,1.5200000000000002,23.31,6.009999999999997,25.150000000000002,4.539999999999999,13.759999999999998,0.43
1980,0.5700000000000001,1.44,11.629999999999999,0.7600000000000001,3.649999999999999,0.7700000000000001,0.8500000000000001,0.68,0.79,4.039999999999998,15.19,0.8999999999999999,,2.969999999999999,2.0100000000000007,0.06,3.11,1.7500000000000004,0.43,4.22,1.9800000000000002,0.9800000000000004,3.0199999999999974,26.869999999999997,3.91,1.0,0.26,4.93,1.4300000000000002,26.690000000000005,8.919999999999998,0.99,11.009999999999993,2.21,0.0,3.5399999999999996,22.660000000000007,0.08,9.489999999999998,0.2,5.019999999999999,,3.83,1.3400000000000005,2.979999999999999,41.88,6.569999999999998,4.049999999999999,1.7500000000000009,31.289999999999996,
1981,0.0,,0.36000000000000004,0.5900000000000001,1.4000000000000006,0.25,0.27,,0.32,2.8899999999999983,1.9500000000000004,0.8,0.2,0.26000000000000006,0.34,0.03,0.04,0.03,0.1,0.44999999999999996,0.11,1.05,0.3500000000000001,0.17,,0.02,,0.25,1.58,0.98,0.7700000000000004,1.1,1.9700000000000009,0.1,,0.2,0.24,0.2,4.33,,0.0,,0.08,6.0299999999999985,,0.38,0.24,0.1,0.6,0.12,0.2
1982,0.05,0.2,0.53,,3.1599999999999993,0.22,0.24,,0.16,2.01,,0.5,,0.24000000000000002,0.06,,1.8199999999999998,0.06,0.34,,0.1,0.1,0.6000000000000001,,0.16,0.04,,0.19,,0.5,0.07999999999999999,,1.0900000000000003,0.04,,0.03,0.99,0.7200000000000001,0.07,,,,0.12000000000000001,1.1500000000000001,0.19,0.38,0.15000000000000002,0.8500000000000002,0.1,0.02,0.0
1983,0.03,,,0.04,0.5900000000000002,,0.0,,,1.4800000000000004,0.14,0.1,0.1,1.7200000000000004,6.779999999999999,,,,0.09000000000000001,,0.16999999999999998,0.15000000000000002,0.03,0.0,0.08,0.04,,,0.22,,0.36,,0.21000000000000005,,,0.8300000000000001,0.03,0.4,,,,,0.02,0.24000000000000005,0.61,,0.37,0.7000000000000001,0.05,,
1984,0.0,,,0.38,1.2000000000000004,,0.31000000000000005,,,0.16000000000000003,0.06,16.64,,1.3599999999999999,0.04,,,0.03,0.18,,0.3,1.46,3.3000000000000003,1.08,,0.12,,,,3.3000000000000003,0.07,5.09,0.8400000000000003,,,0.09999999999999998,0.27,,0.04,,,,,3.3299999999999987,1.6900000000000004,0.76,0.07,3.9099999999999997,,0.6500000000000001,
1985,,,7.49,,0.9200000000000004,0.27,0.18,,4.390000000000001,0.9900000000000002,0.13,2.3300000000000005,6.249999999999998,2.4299999999999997,0.06,,0.04,0.05,0.9500000000000002,,2.53,1.3700000000000003,0.7500000000000001,,0.04,0.02,20.52,,,,0.31000000000000005,0.28,0.9200000000000004,0.14,0.15,0.0,,0.19000000000000003,0.33,,0.03,,,2.5599999999999987,,,0.4700000000000001,1.9900000000000004,2.5100000000000002,1.2000000000000002,1.01
1986,0.02,,7.450000000000001,12.209999999999999,1.5200000000000005,0.15,0.27,0.16,,3.3800000000000003,1.4900000000000002,2.7800000000000002,0.1,3.67,0.7000000000000001,5.1000000000000005,4.040000000000001,0.08,0.08,1.26,0.7600000000000002,0.6300000000000001,1.1600000000000001,0.8400000000000001,0.4,0.62,0.24,0.0,0.30000000000000004,2.6199999999999997,11.6,2.6000000000000005,5.3100000000000005,0.07,3.1699999999999995,,0.99,0.26,0.24999999999999997,0.2,7.540000000000001,,1.2000000000000002,2.2700000000000005,0.78,,0.8500000000000002,4.709999999999999,0.11,5.8500000000000005,
1987,0.09000000000000001,,1.0,,2.679999999999999,0.27,0.66,3.09,,0.7200000000000002,0.15,0.18,,1.7000000000000008,,,,,,0.25,0.22,1.09,0.30000000000000004,0.6500000000000001,0.16,3.7600000000000007,17.11,,0.19,16.240000000000002,0.5,10.550000000000004,2.4699999999999984,0.23,0.0,0.01,0.12,3.01,0.26,0.2,0.06,,,2.51,,3.9900000000000007,0.02,1.0100000000000002,,3.0200000000000005,
1988,0.02,0.18,0.08,,2.480000000000001,3.5299999999999994,0.51,,,1.3200000000000003,,1.81,,0.47000000000000003,1.04,,0.04,0.95,,0.66,0.3,0.09000000000000001,0.32000000000000006,0.48000000000000004,1.27,0.41000000000000003,9.66,,,10.23,4.25,,0.54,0.03,,0.8799999999999999,0.25,1.3000000000000003,4.399999999999999,,,,0.02,0.09,,,3.48,0.15,0.33,,
1989,1.4600000000000002,0.0,3.9600000000000004,0.21000000000000002,7.339999999999999,3.0199999999999996,6.529999999999999,5.4,6.74,1.6,0.27,2.7899999999999996,0.7999999999999999,22.319999999999997,2.02,0.44999999999999996,4.750000000000001,1.1700000000000002,2.79,,2.4800000000000004,1.79,4.229999999999999,0.16,0.04,9.969999999999999,1.63,6.65,0.99,1.4400000000000002,5.279999999999999,1.4000000000000001,1.6300000000000003,2.9899999999999993,,25.089999999999996,4.029999999999999,1.45,2.0000000000000004,3.9000000000000004,0.52,,2.85,18.430000000000003,6.9,0.18,0.42000000000000004,1.06,2.9499999999999997,6.44,
1990,0.6500000000000001,4.859999999999999,7.720000000000001,1.7399999999999998,31.99,4.170000000000001,5.7,1.3499999999999999,3.6599999999999997,2.8699999999999983,5.5,3.69,2.1900000000000004,9.049999999999999,4.489999999999999,0.9600000000000002,9.46,1.1400000000000001,0.0,0.32,4.239999999999998,0.5400000000000001,4.039999999999999,9.21,0.5,1.04,,5.0,17.709999999999997,,2.4699999999999998,6.660000000000001,4.479999999999999,0.71,,5.219999999999999,5.6,1.3500000000000003,3.7699999999999987,2.9899999999999998,0.12,2.29,1.93,22.860000000000003,8.5,,1.22,6.709999999999999,0.33,13.389999999999995,
1991,0.02,0.18,9.040000000000001,,6.4899999999999975,0.32999999999999996,0.6900000000000001,2.809999999999999,,2.2100000000000004,0.22999999999999998,1.9500000000000004,42.15000000000002,0.05,0.09,0.5900000000000001,0.36,0.6900000000000001,,0.56,3.6600000000000006,0.7200000000000001,0.36000000000000004,0.63,,,,0.0,1.4700000000000002,,13.049999999999997,4.919999999999999,7.799999999999996,0.6400000000000001,,0.11000000000000001,,2.78,11.719999999999995,0.4,0.37,,0.2,1.2300000000000002,12.360000000000001,0.71,0.36000000000000004,1.5299999999999998,,0.14,0.65
1992,,0.68,0.0,,0.19000000000000003,0.6400000000000001,0.06,0.42000000000000004,0.33,0.3000000000000001,0.04,4.239999999999999,,0.09,0.22,,0.08,7.460000000000001,,0.24,0.21999999999999997,0.35,0.13999999999999999,0.2,0.04,0.02,,,0.07,1.44,0.4,0.06,0.62,0.36000000000000004,,0.05,0.25,0.29000000000000004,0.08,2.28,0.8,,,5.67,,,0.24999999999999997,,,,0.21
1993,0.02,,0.06,,0.18000000000000002,0.0,0.18,0.28,,0.20000000000000004,0.01,1.3,,0.04,0.02,,,,0.02,0.16,0.02,0.31000000000000005,0.07,,,0.0,,,0.07,0.18,0.060000000000000005,,0.0,,,0.11,,,,0.1,,,0.0,0.060000000000000005,,5.3599999999999985,,,,0.0,
1994,,2.67,0.2,,0.19000000000000003,0.54,0.12,,,0.16,0.03,,0.18,0.15,0.02,0.25,0.04,,0.02,0.24,0.1,0.12000000000000001,0.15000000000000002,,,0.8099999999999999,,0.0,,0.0,1.68,,0.34,0.04,,0.04,,,0.07,0.7,,,0.53,0.09999999999999999,7.799999999999999,0.17,0.04,,1.98,0.04,
1995,,,0.26999999999999996,0.08,0.09,0.6799999999999999,0.03,,,0.060000000000000005,0.060000000000000005,0.0,0.33,0.04,,,0.04,,0.42,,0.0,0.08,0.04,,,0.0,,,0.06,,0.04,1.8200000000000003,0.02,,,0.02,,0.09,0.01,0.49,,,,0.08999999999999998,0.0,,,0.39000000000000007,,0.0,
1996,,11.160000000000002,0.16999999999999998,,0.10999999999999999,0.21,0.03,0.13,0.0,0.0,0.01,2.8100000000000005,0.16,0.02,,0.0,0.04,,,0.0,0.08,0.2,0.02,0.37000000000000005,,0.04,,,0.24,,0.0,0.96,,0.05,,0.060000000000000005,,0.32999999999999996,0.09999999999999999,,,,0.04,0.18000000000000005,5.77,0.17,0.01,0.92,,0.02,0.2
1997,0.14,0.16,0.18,0.12,0.09,0.72,0.0,,0.35,0.060000000000000005,0.0,0.49000000000000005,6.59,0.07999999999999999,,0.28,,,,0.32,0.5,0.8800000000000001,0.08,0.35,0.14,0.06,,0.06,0.06,1.93,0.02,0.4,0.13999999999999999,0.02,0.15,0.3,0.0,0.09,0.12999999999999998,0.49,0.05,1.2000000000000002,0.05,0.07,0.05,9.88,0.03,0.27,0.05,0.0,0.61
1998,0.0,2.58,0.2,,0.0,,,0.0,,0.01,0.01,,0.08,0.01,0.03,0.03,,,0.02,,0.0,0.02,0.09000000000000001,,,,,,,,0.08,,,,,0.0,,,0.03,,,,0.0,,,0.0,0.0,0.0,,0.0,
1999,,,0.02,0.16,0.060000000000000005,0.0,0.0,,,0.01,,0.08,,,0.02,,,0.0,,,,0.04,0.0,0.0,,0.02,,,0.0,0.0,,,,0.0,,,,0.15,,,,,,0.01,0.1,,0.25,,,,
2000,,0.16,,0.04,0.03,0.06,,,,0.02,,0.16,,0.04,,0.06,0.08,,,,,0.0,0.02,0.02,,,,,0.35,0.24,,,0.02,,,0.03,,,0.0,,,,,,0.13,0.16,0.03,0.0,,,
2001,,,0.02,,0.11000000000000001,,0.0,,,,0.01,0.57,0.16,0.01,0.03,,0.04,0.05,,,0.06,0.0,,0.04,,0.02,,,,,0.01,,0.0,,,0.01,,0.18,0.05,,,,,0.0,,0.16,0.01,0.0,,,
2002,0.16,,,,0.0,,,,,0.01,0.01,0.08,0.0,,0.02,,,,,,,,,0.0,,0.02,,,0.0,,,,0.01,,,0.0,,,,,,,,0.0,0.0,,,,,,
2003,,,,,,,,,,,,,,,,,,,,,,,,,,,,,,,,,,,,,,,,,,,,,,,,,,,
